﻿{"cameraMode":{"drawMode":0,"name":"Shaded","section":"Shading Mode"},"sceneLighting":false,"audioPlay":false,"sceneViewState":{"showFog":true,"showMaterialUpdate":false,"showSkybox":true,"showFlares":true,"showImageEffects":true,"showParticleSystems":true},"in2DMode":false,"pivot":{"x":-0.2999803125858307,"y":0.5085630416870117,"z":-23.917428970336915},"rotation":{"x":0.001945600495673716,"y":0.8078396916389465,"z":-0.5893930792808533,"w":0.0026666936464607717},"size":29.596935272216798,"orthographic":false}